datetime,time,open,high,low,close,volume
2026-06-11 06:35:00,1781159700,242.59231183,242.94119129,234.86769274,237.50915761,
2026-06-11 06:36:00,1781159760,237.50915761,252.39153432,235.67583162,248.3115219,
2026-06-11 06:37:00,1781159820,248.3115219,252.3243942,240.86746139,246.82340463,
2026-06-11 06:38:00,1781159880,246.82340463,248.72210128,242.16534419,248.17944026,
2026-06-11 06:39:00,1781159940,248.17944026,248.17944026,244.43388892,245.01473848,
2026-06-11 06:40:00,1781160000,245.01473848,247.96086537,244.3074868,244.42055698,
2026-06-11 06:41:00,1781160060,244.42055698,252.0002109,227.82474388,250.92360365,
2026-06-11 06:42:00,1781160120,250.92360365,250.92360365,236.98225773,238.86004398,
2026-06-11 06:43:00,1781160180,238.86004398,239.95510529,229.11190736,229.78399481,
2026-06-11 06:44:00,1781160240,229.78399481,238.99635869,229.73764097,238.93841417,
2026-06-11 06:45:00,1781160300,238.93841417,240.4573409,227.33423741,227.77503289,
2026-06-11 06:46:00,1781160360,227.77503289,228.29989233,215.07372681,218.73745265,
2026-06-11 06:47:00,1781160420,218.73745265,218.73745265,211.60250215,213.58595917,
2026-06-11 06:48:00,1781160480,213.58595917,216.46595001,210.38145399,216.0080568,
2026-06-11 06:49:00,1781160540,216.0080568,216.66211147,203.66655504,205.28769436,
2026-06-11 06:50:00,1781160600,205.28769436,209.31174708,202.95931618,207.15669379,
2026-06-11 06:51:00,1781160660,207.15669379,209.83839065,205.86698584,209.61009786,
2026-06-11 06:52:00,1781160720,209.61009786,210.8422681,204.74559888,205.83090469,
2026-06-11 06:53:00,1781160780,205.83090469,205.99525014,200.99344282,203.14635132,
2026-06-11 06:54:00,1781160840,203.14635132,209.10571071,200.80139277,209.10356105,
2026-06-11 06:55:00,1781160900,209.10356105,209.10356105,192.57034899,197.31141189,
2026-06-11 06:56:00,1781160960,197.31141189,199.97088909,193.96243199,194.31414102,
2026-06-11 06:57:00,1781161020,194.31414102,199.40937073,194.01318578,196.42290934,
2026-06-11 06:58:00,1781161080,196.42290934,203.44262146,195.98315615,197.50372481,
2026-06-11 06:59:00,1781161140,197.50372481,198.49883816,194.16306221,194.16306221,
2026-06-11 07:00:00,1781161200,194.16306221,195.53656504,190.69767181,191.15625502,
2026-06-11 07:01:00,1781161260,191.15625502,195.53726529,187.87322307,193.5458946,
2026-06-11 07:02:00,1781161320,193.5458946,198.28633175,176.22042996,176.22042996,
2026-06-11 07:03:00,1781161380,176.22042996,181.39373822,170.465062,174.18355228,
2026-06-11 07:04:00,1781161440,174.18355228,176.58758117,168.85216031,168.89500901,
2026-06-11 07:05:00,1781161500,168.89500901,172.66401218,168.50360213,169.54161421,
2026-06-11 07:06:00,1781161560,169.54161421,173.16405212,167.76372869,168.69170545,
2026-06-11 07:07:00,1781161620,168.69170545,170.07963728,159.51133966,162.74330445,
2026-06-11 07:08:00,1781161680,162.74330445,170.10470177,162.74330445,170.10470177,
2026-06-11 07:09:00,1781161740,170.10470177,171.67415453,166.03414177,170.27008692,
2026-06-11 07:10:00,1781161800,170.27008692,176.09328853,167.10880352,174.47562764,
2026-06-11 07:11:00,1781161860,174.47562764,181.0163941,173.06046089,174.82363644,
2026-06-11 07:12:00,1781161920,174.82363644,175.5442695,166.20179288,167.00622891,
2026-06-11 07:13:00,1781161980,167.00622891,173.37379084,161.45499052,169.89023499,
2026-06-11 07:14:00,1781162040,169.89023499,175.72085779,169.86692829,172.3338607,
2026-06-11 07:15:00,1781162100,172.3338607,175.48127194,169.90122872,174.0353184,
2026-06-11 07:16:00,1781162160,174.0353184,179.84897266,169.25587302,178.62682273,
2026-06-11 07:17:00,1781162220,178.62682273,181.3860516,176.04486542,179.59988571,
2026-06-11 07:18:00,1781162280,179.59988571,188.44895035,178.6210568,182.84901771,
2026-06-11 07:19:00,1781162340,182.84901771,184.32098268,179.19101508,181.29819187,
2026-06-11 07:20:00,1781162400,181.29819187,194.22789655,180.62115488,193.99614174,
2026-06-11 07:21:00,1781162460,193.99614174,204.0069684,193.68446589,204.0069684,
2026-06-11 07:22:00,1781162520,204.0069684,208.70883394,195.71136178,199.29981997,
2026-06-11 07:23:00,1781162580,199.29981997,199.29981997,190.91295222,192.41484714,
2026-06-11 07:24:00,1781162640,192.41484714,202.55955337,190.34954078,202.55955337,
2026-06-11 07:25:00,1781162700,202.55955337,203.19092317,193.05867615,193.97533583,
2026-06-11 07:26:00,1781162760,193.97533583,197.3966601,192.71195257,195.47685406,
2026-06-11 07:27:00,1781162820,195.47685406,201.81135711,195.47685406,197.56234897,
2026-06-11 07:28:00,1781162880,197.56234897,200.05347255,195.98899732,198.89237168,
2026-06-11 07:29:00,1781162940,198.89237168,205.52080666,196.69960932,205.38920388,
2026-06-11 07:30:00,1781163000,205.38920388,218.33155037,205.38705122,207.23672229,
2026-06-11 07:31:00,1781163060,207.23672229,207.23672229,193.45694216,195.17786536,
2026-06-11 07:32:00,1781163120,195.17786536,196.65966511,193.75333938,195.20492278,
2026-06-11 07:33:00,1781163180,195.20492278,201.92084402,195.20492278,196.74730958,
2026-06-11 07:34:00,1781163240,196.74730958,197.50604762,187.98194434,188.81529757,
2026-06-11 07:35:00,1781163300,188.81529757,193.21159835,186.28403738,190.91414597,
2026-06-11 07:36:00,1781163360,190.91414597,195.96872105,186.90621032,187.59453849,
2026-06-11 07:37:00,1781163420,187.59453849,191.45456228,185.39260947,186.70834674,
2026-06-11 07:38:00,1781163480,186.70834674,186.70834674,175.59884023,176.65597327,
2026-06-11 07:39:00,1781163540,176.65597327,176.84920306,169.85513186,169.91284372,
2026-06-11 07:40:00,1781163600,169.91284372,169.98069296,164.38764278,166.47265085,
2026-06-11 07:41:00,1781163660,166.47265085,177.06063107,166.45391558,175.47786616,
2026-06-11 07:42:00,1781163720,175.47786616,183.95466101,175.36934838,181.35938399,
2026-06-11 07:43:00,1781163780,181.35938399,186.28766965,177.08259259,184.93342135,
2026-06-11 07:44:00,1781163840,184.93342135,185.35463734,177.07601978,182.38553091,
2026-06-11 07:45:00,1781163900,182.38553091,188.60774414,182.16096354,187.31571309,
2026-06-11 07:46:00,1781163960,187.31571309,191.81558394,187.24549536,191.60367546,
2026-06-11 07:47:00,1781164020,191.60367546,202.86876594,191.36890655,197.0016693,
2026-06-11 07:48:00,1781164080,197.0016693,199.84455366,194.00834403,194.89192153,
2026-06-11 07:49:00,1781164140,194.89192153,199.18870294,194.4958771,195.83164002,
2026-06-11 07:50:00,1781164200,195.83164002,198.05004334,195.0681971,196.27708927,
2026-06-11 07:51:00,1781164260,196.27708927,198.45503555,190.62644087,191.76867818,
2026-06-11 07:52:00,1781164320,191.76867818,191.76867818,188.3785486,189.22117492,
2026-06-11 07:53:00,1781164380,189.22117492,196.32877659,188.21911212,189.83021483,
2026-06-11 07:54:00,1781164440,189.83021483,193.03424808,187.90564776,191.55528969,
2026-06-11 07:55:00,1781164500,191.55528969,197.79116481,190.9428407,196.52323558,
2026-06-11 07:56:00,1781164560,196.52323558,198.76327924,194.06943494,196.26194248,
2026-06-11 07:57:00,1781164620,196.26194248,199.49255176,195.95276673,196.75572721,
2026-06-11 07:58:00,1781164680,196.75572721,197.39279189,192.46538461,192.48854611,
2026-06-11 07:59:00,1781164740,192.48854611,193.6846068,191.33574817,192.49171211,
2026-06-11 08:00:00,1781164800,192.49171211,206.09273258,192.42004978,202.81897818,
2026-06-11 08:01:00,1781164860,202.81897818,206.99648583,193.58189734,199.3663396,
2026-06-11 08:02:00,1781164920,199.3663396,208.82013365,197.79764269,203.06398507,
2026-06-11 08:03:00,1781164980,203.06398507,207.76125548,201.70553045,203.03405448,
2026-06-11 08:04:00,1781165040,203.03405448,203.43979945,196.76422283,196.78790263,
2026-06-11 08:05:00,1781165100,196.78790263,202.0935717,196.34856783,200.065626,
2026-06-11 08:06:00,1781165160,200.065626,205.7005633,199.37744051,205.35473894,
2026-06-11 08:07:00,1781165220,205.35473894,207.39352198,200.53281541,205.69725214,
2026-06-11 08:08:00,1781165280,205.69725214,211.12821162,203.49075307,210.92771552,
2026-06-11 08:09:00,1781165340,210.92771552,221.08461842,209.94962504,214.76982228,
2026-06-11 08:10:00,1781165400,214.76982228,220.06641002,214.63989404,217.39207501,
2026-06-11 08:11:00,1781165460,217.39207501,224.01031005,216.23339287,216.29433602,
2026-06-11 08:12:00,1781165520,216.29433602,221.55854576,216.29201067,221.55854576,
2026-06-11 08:13:00,1781165580,221.55854576,243.186464,221.55854576,242.07827315,
2026-06-11 08:14:00,1781165640,242.07827315,242.07827315,225.06630396,230.30477772,
2026-06-11 08:15:00,1781165700,230.30477772,230.88408371,226.52090702,227.83369739,
2026-06-11 08:16:00,1781165760,227.83369739,227.83369739,222.62796968,224.32649717,
2026-06-11 08:17:00,1781165820,224.32649717,231.47486708,224.32649717,225.89255518,
2026-06-11 08:18:00,1781165880,225.89255518,235.6218864,225.89255518,234.50794012,
2026-06-11 08:19:00,1781165940,234.50794012,234.50794012,229.40535698,230.39380183,
2026-06-11 08:20:00,1781166000,230.39380183,230.47201799,226.83597578,228.21924426,
2026-06-11 08:21:00,1781166060,228.21924426,231.97192727,228.16509468,229.49953986,
2026-06-11 08:22:00,1781166120,229.49953986,243.29813659,229.49712865,241.89314128,
2026-06-11 08:23:00,1781166180,241.89314128,257.15613651,241.86362603,255.97042894,
2026-06-11 08:24:00,1781166240,255.97042894,259.34126253,249.10936207,255.81474579,
2026-06-11 08:25:00,1781166300,255.81474579,256.30182467,247.91456678,252.18100475,
2026-06-11 08:26:00,1781166360,252.18100475,257.10653817,251.16587266,252.60868898,
2026-06-11 08:27:00,1781166420,252.60868898,259.59557598,251.39466916,256.60269227,
2026-06-11 08:28:00,1781166480,256.60269227,265.52388345,255.28744845,262.16762998,
2026-06-11 08:29:00,1781166540,262.16762998,263.60620659,260.16037394,263.0579632,
2026-06-11 08:30:00,1781166600,263.0579632,266.33361825,260.03352997,260.94813582,
2026-06-11 08:31:00,1781166660,260.94813582,260.98359456,254.63978549,258.20274277,
2026-06-11 08:32:00,1781166720,258.20274277,265.23331957,256.89686491,258.65687198,
2026-06-11 08:33:00,1781166780,258.65687198,263.56065294,258.17935195,262.22534904,
2026-06-11 08:34:00,1781166840,262.22534904,264.67708895,259.58880664,260.74092491,
2026-06-11 08:35:00,1781166900,260.74092491,262.28535825,258.14508309,260.03742913,
2026-06-11 08:36:00,1781166960,260.03742913,260.22873964,257.2389765,257.29664075,
2026-06-11 08:37:00,1781167020,257.29664075,262.28680342,257.26570132,259.66667438,
2026-06-11 08:38:00,1781167080,259.66667438,259.66667438,256.94453847,257.60446196,
2026-06-11 08:39:00,1781167140,257.60446196,271.98601405,254.86199663,267.70084078,
2026-06-11 08:40:00,1781167200,267.70084078,267.70084078,262.10749958,262.93641783,
2026-06-11 08:41:00,1781167260,262.93641783,263.11024255,256.28014057,258.48472705,
2026-06-11 08:42:00,1781167320,258.48472705,259.01971905,248.48497902,248.62316835,
2026-06-11 08:43:00,1781167380,248.62316835,251.04629196,236.25782007,236.28193662,
2026-06-11 08:44:00,1781167440,236.28193662,236.75195452,233.6842506,236.17102563,
2026-06-11 08:45:00,1781167500,236.17102563,248.21386669,234.79507293,243.68287399,
2026-06-11 08:46:00,1781167560,243.68287399,250.6289741,239.47241195,250.62063125,
2026-06-11 08:47:00,1781167620,250.62063125,262.09790741,247.98162218,262.09790741,
2026-06-11 08:48:00,1781167680,262.09790741,289.46160439,261.29122515,277.45386866,
2026-06-11 08:49:00,1781167740,277.45386866,285.31072543,265.86806633,266.31495605,
2026-06-11 08:50:00,1781167800,266.31495605,274.50407794,266.31495605,269.64224047,
2026-06-11 08:51:00,1781167860,269.64224047,279.05411868,264.65950005,264.65950005,
2026-06-11 08:52:00,1781167920,264.65950005,265.54756318,256.41458822,262.25673349,
2026-06-11 08:53:00,1781167980,262.25673349,263.01565422,259.86867851,261.99399256,
2026-06-11 08:54:00,1781168040,261.99399256,262.67157674,260.87195713,261.27868037,
2026-06-11 08:55:00,1781168100,261.27868037,264.44709911,259.69256585,260.51591421,
2026-06-11 08:56:00,1781168160,260.51591421,260.74538862,251.19544082,253.12207451,
2026-06-11 08:57:00,1781168220,253.12207451,255.61229449,246.81253706,254.75284533,
2026-06-11 08:58:00,1781168280,254.75284533,257.76889829,254.5209949,255.2551075,
2026-06-11 08:59:00,1781168340,255.2551075,263.09969207,254.69603384,263.09969207,
2026-06-11 09:00:00,1781168400,263.09969207,263.15758888,248.84653443,254.57139116,
2026-06-11 09:01:00,1781168460,254.57139116,255.47520113,250.03683682,252.85353592,
2026-06-11 09:02:00,1781168520,252.85353592,261.46183835,252.42389897,260.00036194,
2026-06-11 09:03:00,1781168580,260.00036194,262.43003932,258.09841068,261.2974416,
2026-06-11 09:04:00,1781168640,261.2974416,262.72737619,247.98454405,248.92053647,
2026-06-11 09:05:00,1781168700,248.92053647,251.69669463,240.64539608,241.65330154,
2026-06-11 09:06:00,1781168760,241.65330154,241.65330154,235.1031942,238.30242167,
2026-06-11 09:07:00,1781168820,238.30242167,239.70571786,228.7742307,231.78906794,
2026-06-11 09:08:00,1781168880,231.78906794,235.53158341,228.44061313,231.07095172,
2026-06-11 09:09:00,1781168940,231.07095172,231.60761066,227.26426421,231.36740963,
2026-06-11 09:10:00,1781169000,231.36740963,238.7339678,231.36248071,235.31041428,
2026-06-11 09:11:00,1781169060,235.31041428,235.31041428,226.17036783,226.36158954,
2026-06-11 09:12:00,1781169120,226.36158954,228.25736027,223.27648523,227.1528886,
2026-06-11 09:13:00,1781169180,227.1528886,232.18178417,221.83559063,222.49927915,
2026-06-11 09:14:00,1781169240,222.49927915,234.30618308,219.83362991,233.365991,
2026-06-11 09:15:00,1781169300,233.365991,233.365991,219.47506357,220.72545476,
2026-06-11 09:16:00,1781169360,220.72545476,221.14201477,210.22657386,215.22685095,
2026-06-11 09:17:00,1781169420,215.22685095,215.37157938,209.32177091,213.93641833,
2026-06-11 09:18:00,1781169480,213.93641833,224.0646164,213.79419791,223.77331366,
2026-06-11 09:19:00,1781169540,223.77331366,228.59037276,221.52471133,222.30087591,
2026-06-11 09:20:00,1781169600,222.30087591,222.30087591,211.54461226,212.43730996,
2026-06-11 09:21:00,1781169660,212.43730996,213.09420071,208.18103048,208.42666423,
2026-06-11 09:22:00,1781169720,208.42666423,210.48883137,204.24769727,207.78586232,
2026-06-11 09:23:00,1781169780,207.78586232,210.46784902,204.27184593,208.68716002,
2026-06-11 09:24:00,1781169840,208.68716002,209.39608736,202.35641289,209.2639488,
2026-06-11 09:25:00,1781169900,209.2639488,213.08874597,204.80685743,210.01254384,
2026-06-11 09:26:00,1781169960,210.01254384,210.16090131,203.50080215,206.13718503,
2026-06-11 09:27:00,1781170020,206.13718503,208.06976132,203.3741683,206.44936015,
2026-06-11 09:28:00,1781170080,206.44936015,209.84350484,205.84870049,209.61015883,
2026-06-11 09:29:00,1781170140,209.61015883,209.63529155,204.57139706,207.44162772,
2026-06-11 09:30:00,1781170200,207.44162772,214.86546257,205.55888071,206.16045451,
2026-06-11 09:31:00,1781170260,206.16045451,230.94554379,205.14628706,228.41007532,
2026-06-11 09:32:00,1781170320,228.41007532,230.05153648,218.7017494,225.46406638,
2026-06-11 09:33:00,1781170380,225.46406638,227.82542983,220.35914616,226.34984464,
2026-06-11 09:34:00,1781170440,226.34984464,236.38817016,222.18796862,235.2296857,
2026-06-11 09:35:00,1781170500,235.2296857,243.47916843,228.31022315,228.60676245,
2026-06-11 09:36:00,1781170560,228.60676245,235.1959357,228.55040196,234.14462669,
2026-06-11 09:37:00,1781170620,234.14462669,234.40702504,230.55748821,232.83527603,
2026-06-11 09:38:00,1781170680,232.83527603,234.2018597,227.96047698,229.30981708,
2026-06-11 09:39:00,1781170740,229.30981708,235.6117521,228.19171376,228.98630859,
2026-06-11 09:40:00,1781170800,228.98630859,230.43154828,227.28137864,228.78515787,
2026-06-11 09:41:00,1781170860,228.78515787,228.91339053,222.58395148,223.19177233,
2026-06-11 09:42:00,1781170920,223.19177233,230.84442295,222.86368029,227.733776,
2026-06-11 09:43:00,1781170980,227.733776,228.02189752,222.12283159,222.12283159,
2026-06-11 09:44:00,1781171040,222.12283159,231.12355821,221.11699574,229.92013986,
2026-06-11 09:45:00,1781171100,229.92013986,229.92013986,223.06342407,227.93145327,
2026-06-11 09:46:00,1781171160,227.93145327,227.93145327,225.57357819,225.60494954,
2026-06-11 09:47:00,1781171220,225.60494954,225.80616295,219.24075568,220.02749023,
2026-06-11 09:48:00,1781171280,220.02749023,226.93976294,219.31058438,225.50503464,
2026-06-11 09:49:00,1781171340,225.50503464,225.50503464,219.78025689,224.00078156,
2026-06-11 09:50:00,1781171400,224.00078156,224.00078156,220.83784925,222.10290781,
2026-06-11 09:51:00,1781171460,222.10290781,237.05615763,221.99320846,233.58249143,
2026-06-11 09:52:00,1781171520,233.58249143,240.0883313,229.52081135,229.80669406,
2026-06-11 09:53:00,1781171580,229.80669406,230.03129671,224.8539394,229.48706378,
2026-06-11 09:54:00,1781171640,229.48706378,230.95196522,221.99717681,230.43968868,
2026-06-11 09:55:00,1781171700,230.43968868,234.65739138,225.64499218,225.8915979,
2026-06-11 09:56:00,1781171760,225.8915979,226.76384586,215.78903786,215.81306471,
2026-06-11 09:57:00,1781171820,215.81306471,215.81306471,210.47042503,211.06490084,
2026-06-11 09:58:00,1781171880,211.06490084,217.56371411,210.93260221,217.56371411,
2026-06-11 09:59:00,1781171940,217.56371411,223.93164904,214.34322781,218.37249344,
2026-06-11 10:00:00,1781172000,218.37249344,225.77231277,215.63071623,221.53860825,
2026-06-11 10:01:00,1781172060,221.53860825,228.87978359,215.47368785,219.58195256,
2026-06-11 10:02:00,1781172120,219.58195256,223.77094746,208.32309387,208.59887517,
2026-06-11 10:03:00,1781172180,208.59887517,210.79450871,205.13947753,207.15837919,
2026-06-11 10:04:00,1781172240,207.15837919,210.33611119,195.83486231,200.64590574,
2026-06-11 10:05:00,1781172300,200.64590574,206.46843512,198.07853568,205.82949082,
2026-06-11 10:06:00,1781172360,205.82949082,216.4861825,201.55197084,216.08962612,
2026-06-11 10:07:00,1781172420,216.08962612,228.75836258,216.08962612,225.56631359,
2026-06-11 10:08:00,1781172480,225.56631359,232.0222337,222.11423766,224.38299696,
2026-06-11 10:09:00,1781172540,224.38299696,224.38299696,212.92007351,221.00915228,
2026-06-11 10:10:00,1781172600,221.00915228,222.40740579,212.1929895,212.1929895,
2026-06-11 10:11:00,1781172660,212.1929895,220.27885776,210.21439721,220.06213672,
2026-06-11 10:12:00,1781172720,220.06213672,220.06213672,213.36535911,217.26961582,
2026-06-11 10:13:00,1781172780,217.26961582,227.42808563,214.27728019,224.49170433,
2026-06-11 10:14:00,1781172840,224.49170433,224.57432229,215.25208504,215.62068575,
2026-06-11 10:15:00,1781172900,215.62068575,222.00285875,215.48913448,219.18165538,
2026-06-11 10:16:00,1781172960,219.18165538,219.18165538,210.90556299,211.21352395,
2026-06-11 10:17:00,1781173020,211.21352395,212.17780854,189.48995062,195.25517698,
2026-06-11 10:18:00,1781173080,195.25517698,205.61612351,194.55932974,195.667426,
2026-06-11 10:19:00,1781173140,195.667426,199.24005315,186.81503391,196.47865964,
2026-06-11 10:20:00,1781173200,196.47865964,200.65202793,195.31502012,197.64810912,
2026-06-11 10:21:00,1781173260,197.64810912,204.87619066,197.2786138,202.64889444,
2026-06-11 10:22:00,1781173320,202.64889444,204.30294844,192.72778744,193.6534135,
2026-06-11 10:23:00,1781173380,193.6534135,201.43426237,193.58533241,200.90262172,
2026-06-11 10:24:00,1781173440,200.90262172,201.35191937,193.69210598,197.106175,
2026-06-11 10:25:00,1781173500,197.106175,200.61992544,196.31570112,200.05935448,
2026-06-11 10:26:00,1781173560,200.05935448,200.08187599,192.11687385,196.19658616,
2026-06-11 10:27:00,1781173620,196.19658616,197.68137715,193.53762272,196.49624779,
2026-06-11 10:28:00,1781173680,196.49624779,201.39187661,196.04638877,199.96295429,
2026-06-11 10:29:00,1781173740,199.96295429,206.39588956,198.88104502,200.93646048,
2026-06-11 10:30:00,1781173800,200.93646048,209.97836712,198.22887831,209.53279931,
2026-06-11 10:31:00,1781173860,209.53279931,220.70883977,209.53039799,214.18758112,
2026-06-11 10:32:00,1781173920,214.18758112,214.18758112,209.80814971,212.04934827,
2026-06-11 10:33:00,1781173980,212.04934827,212.04934827,204.15511426,205.07190789,
2026-06-11 10:34:00,1781174040,205.07190789,218.26776023,205.07190789,208.05492418,
2026-06-11 10:35:00,1781174100,208.05492418,215.35896763,205.82544426,215.35896763,
2026-06-11 10:36:00,1781174160,215.35896763,221.86065948,215.25141251,220.61932197,
2026-06-11 10:37:00,1781174220,220.61932197,222.59206854,215.27492751,219.66124894,
2026-06-11 10:38:00,1781174280,219.66124894,227.04665177,218.6854871,223.20334741,
2026-06-11 10:39:00,1781174340,223.20334741,223.3878473,210.19869152,211.91046991,
2026-06-11 10:40:00,1781174400,211.91046991,217.33330264,211.26807726,213.43349216,
2026-06-11 10:41:00,1781174460,213.43349216,216.33074879,208.94102533,213.96030425,
2026-06-11 10:42:00,1781174520,213.96030425,218.26341758,210.24327958,216.64846527,
2026-06-11 10:43:00,1781174580,216.64846527,223.86841652,216.49245935,217.65580427,
2026-06-11 10:44:00,1781174640,217.65580427,224.39251729,215.08901118,218.81669428,
2026-06-11 10:45:00,1781174700,218.81669428,220.55585768,217.53104057,217.53104057,
2026-06-11 10:46:00,1781174760,217.53104057,227.00457055,215.09456911,224.19573078,
2026-06-11 10:47:00,1781174820,224.19573078,228.78368657,221.35291835,226.19830698,
2026-06-11 10:48:00,1781174880,226.19830698,226.93119563,224.02659345,225.08651124,
2026-06-11 10:49:00,1781174940,225.08651124,227.1428254,222.29386155,227.08694978,
2026-06-11 10:50:00,1781175000,227.08694978,230.4536803,222.76929485,228.38187434,
2026-06-11 10:51:00,1781175060,228.38187434,265.33114863,227.84858301,254.87891298,
2026-06-11 10:52:00,1781175120,254.87891298,254.87891298,238.02722604,246.74543783,
2026-06-11 10:53:00,1781175180,246.74543783,251.44466425,240.23796531,248.05638731,
2026-06-11 10:54:00,1781175240,248.05638731,268.43385948,246.03784597,266.21656235,
2026-06-11 10:55:00,1781175300,266.21656235,293.00008809,254.3975162,290.94638189,
2026-06-11 10:56:00,1781175360,290.94638189,291.86115359,255.45181368,257.97761527,
2026-06-11 10:57:00,1781175420,257.97761527,279.62496014,256.28792325,275.92128636,
2026-06-11 10:58:00,1781175480,275.92128636,291.6667642,273.28109643,280.63496215,
2026-06-11 10:59:00,1781175540,280.63496215,304.77711397,277.13569019,284.63905097,
2026-06-11 11:00:00,1781175600,284.63905097,284.94968013,260.87041644,261.17455603,
2026-06-11 11:01:00,1781175660,261.17455603,291.26085124,261.17455603,291.19572555,
2026-06-11 11:02:00,1781175720,291.19572555,301.1909202,286.85560778,296.23301383,
2026-06-11 11:03:00,1781175780,296.23301383,309.16316476,296.19733019,299.31646292,
2026-06-11 11:04:00,1781175840,299.31646292,307.57266601,298.941077,301.52060441,
2026-06-11 11:05:00,1781175900,301.52060441,306.6804969,289.08256628,296.47154332,
2026-06-11 11:06:00,1781175960,296.47154332,296.4957783,286.55485208,289.56055299,
2026-06-11 11:07:00,1781176020,289.56055299,293.90680538,277.65074021,279.64117477,
2026-06-11 11:08:00,1781176080,279.64117477,284.51630013,255.5955533,284.31935359,
2026-06-11 11:09:00,1781176140,284.31935359,288.35139011,279.78406194,288.24911243,
2026-06-11 11:10:00,1781176200,288.24911243,298.90625681,287.97774081,297.39850672,
2026-06-11 11:11:00,1781176260,297.39850672,310.21604638,296.45645805,308.41591996,
2026-06-11 11:12:00,1781176320,308.41591996,309.74521292,292.3815491,302.81502471,
2026-06-11 11:13:00,1781176380,302.81502471,304.4645926,296.87909559,303.41218131,
2026-06-11 11:14:00,1781176440,303.41218131,306.7236949,302.83382878,304.94945685,
2026-06-11 11:15:00,1781176500,304.94945685,304.98299771,290.34605423,298.74534608,
2026-06-11 11:16:00,1781176560,298.74534608,302.25665343,298.59476485,302.19703192,
2026-06-11 11:17:00,1781176620,302.19703192,318.28040826,301.8275971,312.86917893,
2026-06-11 11:18:00,1781176680,312.86917893,313.0059272,285.97293564,292.57067894,
2026-06-11 11:19:00,1781176740,292.57067894,293.52952355,277.79441954,283.1106456,
2026-06-11 11:20:00,1781176800,283.1106456,284.51909351,278.13046311,283.31465627,
2026-06-11 11:21:00,1781176860,283.31465627,291.78611222,277.60148898,291.42040246,
2026-06-11 11:22:00,1781176920,291.42040246,299.11685637,290.80551762,296.46106955,
2026-06-11 11:23:00,1781176980,296.46106955,298.00767854,295.35493711,296.34831595,
2026-06-11 11:24:00,1781177040,296.34831595,301.079241,292.85252225,298.45629327,
2026-06-11 11:25:00,1781177100,298.45629327,298.86223059,284.67412697,288.56371258,
2026-06-11 11:26:00,1781177160,288.56371258,288.92294022,278.88426552,278.94708942,
2026-06-11 11:27:00,1781177220,278.94708942,290.25857556,277.72107087,288.27130119,
2026-06-11 11:28:00,1781177280,288.27130119,303.44535469,286.45282134,303.20916017,
2026-06-11 11:29:00,1781177340,303.20916017,312.5367797,294.98550418,296.48283687,
2026-06-11 11:30:00,1781177400,296.48283687,318.13034569,295.46002757,311.04104559,
2026-06-11 11:31:00,1781177460,311.04104559,328.57426075,303.86497141,327.12113289,
2026-06-11 11:32:00,1781177520,327.12113289,334.25007936,313.2308921,313.70288334,
2026-06-11 11:33:00,1781177580,313.70288334,318.01323175,305.57749773,314.29157195,
2026-06-11 11:34:00,1781177640,314.29157195,314.29157195,298.42137089,306.42395467,
2026-06-11 11:35:00,1781177700,306.42395467,311.35807231,297.63670363,299.29634043,
2026-06-11 11:36:00,1781177760,299.29634043,299.32652196,289.49117479,289.49117479,
2026-06-11 11:37:00,1781177820,289.49117479,294.95159238,276.97021193,278.53442538,
2026-06-11 11:38:00,1781177880,278.53442538,284.88036473,269.96315304,274.8344147,
2026-06-11 11:39:00,1781177940,274.8344147,291.2708448,272.29421085,287.64434089,
2026-06-11 11:40:00,1781178000,287.64434089,290.25049577,279.92749941,281.44380747,
2026-06-11 11:41:00,1781178060,281.44380747,291.98420587,278.5819921,283.81094624,
2026-06-11 11:42:00,1781178120,283.81094624,286.82106072,278.37212076,286.79291665,
2026-06-11 11:43:00,1781178180,286.79291665,289.35999842,282.26010428,287.51171717,
2026-06-11 11:44:00,1781178240,287.51171717,287.92085154,276.21928104,283.47840305,
2026-06-11 11:45:00,1781178300,283.47840305,283.47840305,274.06139657,277.14163363,
2026-06-11 11:46:00,1781178360,277.14163363,280.72412377,277.07588519,279.56567655,
2026-06-11 11:47:00,1781178420,279.56567655,282.31876589,273.82751967,273.82751967,
2026-06-11 11:48:00,1781178480,273.82751967,276.16748679,270.59392787,274.2949865,
2026-06-11 11:49:00,1781178540,274.2949865,286.11417611,268.56991115,286.11417611,
2026-06-11 11:50:00,1781178600,286.11417611,288.87085889,281.88966581,286.47593538,
2026-06-11 11:51:00,1781178660,286.47593538,322.42635461,281.81858393,311.48472665,
2026-06-11 11:52:00,1781178720,311.48472665,316.13246324,293.48227529,298.00375594,
2026-06-11 11:53:00,1781178780,298.00375594,303.16111804,294.3460248,299.3344119,
2026-06-11 11:54:00,1781178840,299.3344119,299.45633033,293.13970481,297.93257732,
2026-06-11 11:55:00,1781178900,297.93257732,297.93257732,281.33722657,282.8717418,
2026-06-11 11:56:00,1781178960,282.8717418,282.8717418,271.65547586,278.88037178,
2026-06-11 11:57:00,1781179020,278.88037178,283.51965528,274.36129123,275.83151313,
2026-06-11 11:58:00,1781179080,275.83151313,278.87904971,274.21800556,276.29315835,
2026-06-11 11:59:00,1781179140,276.29315835,278.84586458,272.17080926,274.1789536,
2026-06-11 12:00:00,1781179200,274.1789536,276.87388489,254.65180914,257.41327153,
2026-06-11 12:01:00,1781179260,257.41327153,265.97889139,257.15088816,257.63133909,
2026-06-11 12:02:00,1781179320,257.63133909,260.19508713,252.82733756,257.24634041,
2026-06-11 12:03:00,1781179380,257.24634041,257.68557646,243.40648797,244.45566486,
2026-06-11 12:04:00,1781179440,244.45566486,260.74876661,240.63653381,259.80596431,
2026-06-11 12:05:00,1781179500,259.80596431,270.98901796,259.56448993,264.98822894,
2026-06-11 12:06:00,1781179560,264.98822894,274.4408479,256.18333398,257.97603856,
2026-06-11 12:07:00,1781179620,257.97603856,257.97603856,239.37520552,242.73007932,
2026-06-11 12:08:00,1781179680,242.73007932,250.80472968,237.69708885,249.25291361,
2026-06-11 12:09:00,1781179740,249.25291361,254.01602444,240.06416799,243.09685754,
2026-06-11 12:10:00,1781179800,243.09685754,270.43374316,241.39916526,269.11348016,
2026-06-11 12:11:00,1781179860,269.11348016,289.14301488,262.83605455,289.14301488,
2026-06-11 12:12:00,1781179920,289.14301488,295.31127251,281.38044037,294.66183677,
2026-06-11 12:13:00,1781179980,294.66183677,295.84386869,270.8835998,271.93728647,
2026-06-11 12:14:00,1781180040,271.93728647,285.25632846,260.57009323,282.50029113,
2026-06-11 12:15:00,1781180100,282.50029113,288.78403522,271.03424502,276.9793395,
2026-06-11 12:16:00,1781180160,276.9793395,283.52158615,273.90238633,280.50358772,
2026-06-11 12:17:00,1781180220,280.50358772,286.75004327,271.25507911,271.40864056,
2026-06-11 12:18:00,1781180280,271.40864056,294.97035042,270.0438378,287.00155866,
2026-06-11 12:19:00,1781180340,287.00155866,287.91054846,267.96245768,268.05547948,
2026-06-11 12:20:00,1781180400,268.05547948,268.05547948,226.98103293,227.74016619,
2026-06-11 12:21:00,1781180460,227.74016619,232.21274708,207.01721261,211.50285059,
2026-06-11 12:22:00,1781180520,211.50285059,213.38161171,165.87469619,168.95499461,
2026-06-11 12:23:00,1781180580,168.95499461,183.79354374,160.92740881,180.42849539,
2026-06-11 12:24:00,1781180640,180.42849539,194.94679281,163.73406377,171.27119444,
2026-06-11 12:25:00,1781180700,171.27119444,183.50715308,169.36799249,173.78446964,
2026-06-11 12:26:00,1781180760,173.78446964,187.84006824,173.02186198,187.35573879,
2026-06-11 12:27:00,1781180820,187.35573879,188.31752573,167.13003793,175.03323385,
2026-06-11 12:28:00,1781180880,175.03323385,181.44535304,158.04607309,160.52879577,
2026-06-11 12:29:00,1781180940,160.52879577,168.26876998,158.87352422,160.35987802,
2026-06-11 12:30:00,1781181000,160.35987802,185.73072708,127.68278908,152.64076224,
2026-06-11 12:31:00,1781181060,152.64076224,169.99078162,145.10356914,158.00196576,
2026-06-11 12:32:00,1781181120,158.00196576,160.80573673,145.56462565,158.94083323,
2026-06-11 12:33:00,1781181180,158.94083323,162.72025789,143.09375622,147.77827346,
2026-06-11 12:34:00,1781181240,147.77827346,184.70911053,142.55671972,177.46258991,
2026-06-11 12:35:00,1781181300,177.46258991,188.77168315,171.76503583,177.60826291,
2026-06-11 12:36:00,1781181360,177.60826291,192.48033305,176.0288354,185.07481037,
2026-06-11 12:37:00,1781181420,185.07481037,189.0112368,173.14415226,173.59225874,
2026-06-11 12:38:00,1781181480,173.59225874,201.15463322,173.59225874,179.93202975,
2026-06-11 12:39:00,1781181540,179.93202975,191.86864778,173.74768006,173.79328299,
2026-06-11 12:40:00,1781181600,173.79328299,178.62547941,168.40013813,175.48486953,
2026-06-11 12:41:00,1781181660,175.48486953,188.24167499,169.74543482,185.37205002,
2026-06-11 12:42:00,1781181720,185.37205002,189.02929727,177.07235911,185.90037402,
2026-06-11 12:43:00,1781181780,185.90037402,188.04615941,168.22896222,168.22896222,
2026-06-11 12:44:00,1781181840,168.22896222,206.80990196,162.79868676,197.79923779,
2026-06-11 12:45:00,1781181900,197.79923779,201.41677005,182.18096903,198.5174114,
2026-06-11 12:46:00,1781181960,198.5174114,206.51253858,192.39744614,205.45534342,
2026-06-11 12:47:00,1781182020,205.45534342,212.85274549,188.2927956,193.00265571,
2026-06-11 12:48:00,1781182080,193.00265571,198.46902701,183.34937327,183.68353888,
2026-06-11 12:49:00,1781182140,183.68353888,203.43417938,178.26931966,203.17893305,
2026-06-11 12:50:00,1781182200,203.17893305,205.79169847,181.1390923,185.42438359,
2026-06-11 12:51:00,1781182260,185.42438359,208.63317301,185.19815353,207.88281372,
2026-06-11 12:52:00,1781182320,207.88281372,221.60043539,207.88281372,212.10191677,
2026-06-11 12:53:00,1781182380,212.10191677,220.79635903,195.35329618,198.87473718,
2026-06-11 12:54:00,1781182440,198.87473718,201.86190459,195.03702931,196.98158658,
2026-06-11 12:55:00,1781182500,196.98158658,221.19349296,195.94272215,216.13367057,
2026-06-11 12:56:00,1781182560,216.13367057,218.87932803,208.10340226,213.04622711,
2026-06-11 12:57:00,1781182620,213.04622711,219.63616529,205.38487713,208.33769862,
2026-06-11 12:58:00,1781182680,208.33769862,220.95843649,201.41394105,216.93585082,
2026-06-11 12:59:00,1781182740,216.93585082,218.78131629,210.5433454,211.32151969,
2026-06-11 13:00:00,1781182800,211.32151969,212.48389765,193.74463153,195.36434968,
2026-06-11 13:01:00,1781182860,195.36434968,203.94929075,191.04369562,191.24865041,
2026-06-11 13:02:00,1781182920,191.24865041,195.24593654,183.07347679,189.07217108,
2026-06-11 13:03:00,1781182980,189.07217108,189.76451292,181.63104501,187.24072201,
2026-06-11 13:04:00,1781183040,187.24072201,200.39149499,185.16562847,191.98820874,
2026-06-11 13:05:00,1781183100,191.98820874,192.06214075,180.60041049,187.33104182,
2026-06-11 13:06:00,1781183160,187.33104182,192.48356197,180.49145032,187.71153966,
2026-06-11 13:07:00,1781183220,187.71153966,191.35909862,182.29134792,186.5613003,
2026-06-11 13:08:00,1781183280,186.5613003,189.02655252,183.09659339,186.39921985,
2026-06-11 13:09:00,1781183340,186.39921985,186.39921985,178.78386558,180.7649162,
2026-06-11 13:10:00,1781183400,180.7649162,186.67148632,180.6896178,184.94993528,
2026-06-11 13:11:00,1781183460,184.94993528,191.17032299,170.06878276,174.08723898,
2026-06-11 13:12:00,1781183520,174.08723898,184.543505,174.08723898,180.80530998,
2026-06-11 13:13:00,1781183580,180.80530998,186.79940798,179.15567542,180.53057842,
2026-06-11 13:14:00,1781183640,180.53057842,187.29977914,180.06642762,181.68789681,
2026-06-11 13:15:00,1781183700,181.68789681,187.3342116,180.3075197,185.93518998,
2026-06-11 13:16:00,1781183760,185.93518998,194.92368134,185.85312572,194.16215535,
2026-06-11 13:17:00,1781183820,194.16215535,195.19631503,188.29077504,190.06434714,
2026-06-11 13:18:00,1781183880,190.06434714,196.63204314,188.67173585,195.24895788,
2026-06-11 13:19:00,1781183940,195.24895788,205.56449701,195.24895788,204.7935667,
2026-06-11 13:20:00,1781184000,204.7935667,217.38797784,204.73988122,207.01669402,
2026-06-11 13:21:00,1781184060,207.01669402,210.30514294,205.07939629,207.64565093,
2026-06-11 13:22:00,1781184120,207.64565093,207.64565093,182.21626305,183.88383392,
2026-06-11 13:23:00,1781184180,183.88383392,186.15650459,177.38917821,177.65114791,
2026-06-11 13:24:00,1781184240,177.65114791,179.91455119,159.81492626,161.40394236,
2026-06-11 13:25:00,1781184300,161.40394236,165.77372843,157.35194357,164.0354461,
2026-06-11 13:26:00,1781184360,164.0354461,164.91261892,158.08478968,164.19060098,
2026-06-11 13:27:00,1781184420,164.19060098,165.86527175,158.86506701,163.61322193,
2026-06-11 13:28:00,1781184480,163.61322193,167.12700142,159.37443284,167.07852136,
2026-06-11 13:29:00,1781184540,167.07852136,167.16605365,154.85360787,160.01841479,
2026-06-11 13:30:00,1781184600,160.01841479,160.08523578,149.50092761,159.07659903,
2026-06-11 13:31:00,1781184660,159.07659903,160.36196672,138.31733153,143.78495955,
2026-06-11 13:32:00,1781184720,143.78495955,145.53001782,132.06094265,140.98787143,
2026-06-11 13:33:00,1781184780,140.98787143,159.94445165,140.90735767,149.38988188,
2026-06-11 13:34:00,1781184840,149.38988188,155.54027442,139.48409601,150.2479963,
2026-06-11 13:35:00,1781184900,150.2479963,172.48242512,143.16690885,172.00967311,
2026-06-11 13:36:00,1781184960,172.00967311,189.22817978,166.54651523,167.52367897,
2026-06-11 13:37:00,1781185020,167.52367897,184.04547873,163.53930517,180.02202331,
2026-06-11 13:38:00,1781185080,180.02202331,181.73311594,152.96919954,155.29976471,
2026-06-11 13:39:00,1781185140,155.29976471,177.84940452,155.29976471,166.0217935,
2026-06-11 13:40:00,1781185200,166.0217935,167.966586,147.34334601,166.17253357,
2026-06-11 13:41:00,1781185260,166.17253357,168.92793087,138.87780654,146.9453194,
2026-06-11 13:42:00,1781185320,146.9453194,159.83086202,139.65263007,153.89343055,
2026-06-11 13:43:00,1781185380,153.89343055,179.81280553,153.89343055,176.20054501,
2026-06-11 13:44:00,1781185440,176.20054501,195.55137108,175.50619507,194.4625088,
2026-06-11 13:45:00,1781185500,194.4625088,238.24697562,188.33205735,215.82218594,
2026-06-11 13:46:00,1781185560,215.82218594,218.72939986,200.09560976,212.09215639,
2026-06-11 13:47:00,1781185620,212.09215639,222.87178173,198.80186732,213.68773927,
2026-06-11 13:48:00,1781185680,213.68773927,217.10316765,205.52644795,213.15173864,
2026-06-11 13:49:00,1781185740,213.15173864,219.98158465,205.55192093,205.90645928,
2026-06-11 13:50:00,1781185800,205.90645928,244.75868216,204.57446081,241.14971174,
2026-06-11 13:51:00,1781185860,241.14971174,241.14971174,213.37160043,223.54688395,
2026-06-11 13:52:00,1781185920,223.54688395,241.71065863,212.85415766,222.35014511,
2026-06-11 13:53:00,1781185980,222.35014511,263.60151053,208.06168458,260.6394383,
2026-06-11 13:54:00,1781186040,260.6394383,263.14106474,254.82970879,259.23375207,
