symbol,signal_time,entry_time,entry_price,take_profit,stop_loss,upper_band,lower_band,rr_ratio,adx,spot_at_entry,exit_time,exit_price,pct_return,outcome,bars_held
P-BTC-61400,2026-06-10 18:01:00,2026-06-10 18:02:00,1168.4102,1518.9333,1109.9897,1547.7676,1036.5749,6.49,,61632.0,2026-06-10 18:02:00,1109.9897,-5.0,SL,0
P-BTC-62400,2026-06-10 22:05:00,2026-06-10 22:06:00,1018.682,1324.2866,1104.595250904,1134.1805,948.8841,2.27,,62300.0,2026-06-10 22:22:00,1104.5953,8.43,TRAIL,16
P-BTC-62000,2026-06-11 06:44:00,2026-06-11 06:45:00,895.7436,1164.4667,850.9564,987.1962,839.6656,2.04,,62019.0,2026-06-11 06:46:00,850.9564,-5.0,SL,1
P-BTC-62400,2026-06-11 09:04:00,2026-06-11 09:05:00,876.9002,1139.9703,833.0552,1163.2711,780.5349,6.53,,62406.0,2026-06-11 09:25:00,833.0552,-5.0,SL,20
P-BTC-62800,2026-06-11 09:26:00,2026-06-11 09:30:00,940.7876,1223.0239,893.7482,1203.6103,847.911,5.59,,62627.0,2026-06-11 10:17:00,893.7482,-5.0,SL,47
P-BTC-62800,2026-06-11 19:06:00,2026-06-11 19:08:00,773.1104,1005.0435,734.4549,863.0934,711.5791,2.33,,62764.0,2026-06-11 19:13:00,734.4549,-5.0,SL,5
C-BTC-62600,2026-06-11 21:01:00,2026-06-11 21:02:00,813.7077,1057.82,820.295982918,899.657,775.2103,2.11,,62703.0,2026-06-11 21:13:00,820.296,0.81,TRAIL,11
C-BTC-63400,2026-06-12 06:58:00,2026-06-12 07:00:00,604.451,785.7863,574.2284,664.9626,563.1733,2.0,,63378.0,2026-06-12 07:05:00,574.2284,-5.0,SL,5
P-BTC-63800,2026-06-12 15:40:00,2026-06-12 15:41:00,476.3643,619.2736,452.5461,558.516,428.5888,3.45,,63718.0,2026-06-12 15:54:00,452.5461,-5.0,SL,13
C-BTC-63400,2026-06-12 18:10:00,2026-06-12 18:11:00,500.333,650.4329,475.3163,579.556,461.4862,3.17,,63426.0,2026-06-12 18:14:00,475.3163,-5.0,SL,3
