datetime,time,open,high,low,close,volume
2026-06-12 15:10:00,1781277000,1303.10127004,1325.70961935,1235.17852308,1235.17852308,
2026-06-12 15:11:00,1781277060,1235.17852308,1257.5388198,1211.95694198,1243.61804972,
2026-06-12 15:12:00,1781277120,1243.61804972,1306.11749191,1222.6610925,1227.81504319,
2026-06-12 15:13:00,1781277180,1227.81504319,1229.14208198,1121.23015686,1124.02354273,
2026-06-12 15:14:00,1781277240,1124.02354273,1157.77344159,1119.91001034,1129.79939994,
2026-06-12 15:15:00,1781277300,1129.79939994,1178.0059147,1106.33421133,1178.0059147,
2026-06-12 15:16:00,1781277360,1178.0059147,1203.78053115,1159.78558696,1161.49438113,
2026-06-12 15:17:00,1781277420,1161.49438113,1167.41063677,1111.07992566,1152.42998163,
2026-06-12 15:18:00,1781277480,1152.42998163,1197.73012925,1138.89360601,1168.2173707,
2026-06-12 15:19:00,1781277540,1168.2173707,1229.49577904,1163.41029808,1205.67147646,
2026-06-12 15:20:00,1781277600,1205.67147646,1258.89583077,1195.41678982,1245.60571338,
2026-06-12 15:21:00,1781277660,1245.60571338,1259.26642828,1200.78068795,1228.97694453,
2026-06-12 15:22:00,1781277720,1228.97694453,1268.74695216,1199.84696691,1241.40929894,
2026-06-12 15:23:00,1781277780,1241.40929894,1264.43702312,1205.2722275,1229.59663054,
2026-06-12 15:24:00,1781277840,1229.59663054,1233.00659398,1194.79869336,1213.83206142,
2026-06-12 15:25:00,1781277900,1213.83206142,1213.83206142,1166.63745526,1172.61871554,
2026-06-12 15:26:00,1781277960,1172.61871554,1227.03960398,1167.90161262,1206.73619769,
2026-06-12 15:27:00,1781278020,1206.73619769,1215.35361981,1176.55620426,1181.96775711,
2026-06-12 15:28:00,1781278080,1181.96775711,1274.19265186,1180.35501902,1268.69251803,
2026-06-12 15:29:00,1781278140,1268.69251803,1325.04327311,1234.33376478,1324.0569912,
2026-06-12 15:30:00,1781278200,1324.0569912,1401.7557366,1319.20483514,1371.1500469,
2026-06-12 15:31:00,1781278260,1371.1500469,1439.42775264,1360.89579467,1410.94979529,
2026-06-12 15:32:00,1781278320,1410.94979529,1442.65594992,1362.31298105,1433.17423636,
2026-06-12 15:33:00,1781278380,1433.17423636,1477.87288401,1413.08159298,1471.06681875,
2026-06-12 15:34:00,1781278440,1471.06681875,1503.42941623,1458.88864542,1502.94678242,
2026-06-12 15:35:00,1781278500,1502.94678242,1525.66055958,1373.4108996,1373.4108996,
2026-06-12 15:36:00,1781278560,1373.4108996,1463.77054316,1373.14342249,1445.7017623,
2026-06-12 15:37:00,1781278620,1445.7017623,1528.01779302,1418.90249176,1508.18466681,
2026-06-12 15:38:00,1781278680,1508.18466681,1562.91575587,1480.55481401,1544.7018486,
2026-06-12 15:39:00,1781278740,1544.7018486,1568.17516726,1464.5309825,1485.15931795,
2026-06-12 15:40:00,1781278800,1485.15931795,1549.43515043,1456.88545278,1543.35380064,
2026-06-12 15:41:00,1781278860,1543.35380064,1590.82853988,1494.48890146,1572.16271799,
2026-06-12 15:42:00,1781278920,1572.16271799,1622.18144635,1554.40249085,1572.8849131,
2026-06-12 15:43:00,1781278980,1572.8849131,1585.05101244,1510.00409953,1510.00409953,
2026-06-12 15:44:00,1781279040,1510.00409953,1555.10659429,1509.44769638,1527.40424649,
2026-06-12 15:45:00,1781279100,1527.40424649,1580.83883691,1516.56518757,1545.80634206,
2026-06-12 15:46:00,1781279160,1545.80634206,1583.62899121,1495.57640875,1571.85879919,
2026-06-12 15:47:00,1781279220,1571.85879919,1648.13501494,1566.10700145,1637.75284119,
2026-06-12 15:48:00,1781279280,1637.75284119,1720.10613494,1632.30798787,1697.24063497,
2026-06-12 15:49:00,1781279340,1697.24063497,1747.75560659,1672.91129274,1720.80740366,
2026-06-12 15:50:00,1781279400,1720.80740366,1720.80740366,1649.87114637,1660.41015995,
2026-06-12 15:51:00,1781279460,1660.41015995,1691.63748096,1636.94720939,1661.06803225,
2026-06-12 15:52:00,1781279520,1661.06803225,1667.45193532,1617.93208034,1621.80432781,
2026-06-12 15:53:00,1781279580,1621.80432781,1631.44746441,1578.24395092,1606.70218084,
2026-06-12 15:54:00,1781279640,1606.70218084,1619.4263734,1565.92654422,1583.47152358,
2026-06-12 15:55:00,1781279700,1583.47152358,1674.46576993,1580.14241676,1672.02351178,
2026-06-12 15:56:00,1781279760,1672.02351178,1753.40271355,1651.42242392,1720.47817631,
2026-06-12 15:57:00,1781279820,1720.47817631,1728.45681129,1697.52160545,1724.77219414,
2026-06-12 15:58:00,1781279880,1724.77219414,1767.1286967,1716.58526671,1767.1286967,
2026-06-12 15:59:00,1781279940,1767.1286967,1866.73621723,1767.1286967,1825.5965525,
2026-06-12 16:00:00,1781280000,1825.5965525,1841.12018176,1726.27953608,1761.29538218,
2026-06-12 16:01:00,1781280060,1761.29538218,1815.97477099,1735.93606346,1806.4577111,
2026-06-12 16:02:00,1781280120,1806.4577111,1884.3978941,1794.03580161,1883.8448988,
2026-06-12 16:03:00,1781280180,1883.8448988,1905.78564506,1745.23373492,1752.49556366,
2026-06-12 16:04:00,1781280240,1752.49556366,1759.23387898,1685.63702197,1743.66718871,
2026-06-12 16:05:00,1781280300,1743.66718871,1768.08035415,1721.11344301,1758.43199122,
2026-06-12 16:06:00,1781280360,1758.43199122,1758.99970068,1654.12677649,1678.36544072,
2026-06-12 16:07:00,1781280420,1678.36544072,1714.68779222,1636.08000843,1690.86788463,
2026-06-12 16:08:00,1781280480,1690.86788463,1699.18629881,1659.28521175,1696.17980003,
