session_start_hour,session_end_hour,duration_hours,filled_trades,win_rate,profit_factor,total_pnl,total_return_pct,max_drawdown_pct,total_cycles
2.0,8.0,6.0,1471,29.78,0.803,-32388.03,-323.88,-328.17,5582
0.0,8.0,8.0,1687,27.09,0.799,-39335.9,-393.36,-395.56,8600
0.0,10.0,10.0,2062,25.02,0.773,-52396.7,-523.97,-513.19,12581
0.0,7.0,7.0,1545,28.22,0.772,-40781.28,-407.81,-400.07,7055
2.0,10.0,8.0,1855,25.98,0.772,-46213.3,-462.13,-460.72,9164
0.0,12.0,12.0,2428,24.63,0.771,-59182.08,-591.82,-579.49,17444
2.0,9.0,7.0,1653,27.53,0.77,-42300.29,-423.0,-422.28,7374
0.0,9.0,9.0,1857,25.85,0.767,-49611.37,-496.11,-487.94,10624
3.0,8.0,5.0,1318,28.76,0.76,-35065.48,-350.65,-363.22,4414
4.0,10.0,6.0,1619,26.37,0.758,-41394.3,-413.94,-422.23,6246
4.0,8.0,4.0,1203,30.51,0.757,-30551.71,-305.52,-308.82,3148
0.0,11.0,11.0,2241,24.68,0.757,-59943.51,-599.44,-585.76,14994
2.0,7.0,5.0,1305,30.11,0.756,-35830.71,-358.31,-365.22,4323
3.0,10.0,7.0,1704,25.41,0.755,-45563.17,-455.63,-471.53,7816
2.0,12.0,10.0,2250,25.33,0.755,-57186.89,-571.87,-562.14,13785
5.0,8.0,3.0,1054,32.16,0.752,-25854.14,-258.54,-275.43,2356
4.0,9.0,5.0,1405,28.83,0.749,-37372.83,-373.73,-382.35,4697
5.0,10.0,5.0,1482,27.33,0.747,-38990.89,-389.91,-413.59,5160
3.0,9.0,6.0,1506,26.63,0.745,-42517.61,-425.18,-441.47,5845
2.0,11.0,9.0,2039,25.45,0.745,-56002.84,-560.03,-549.09,11449
5.0,9.0,4.0,1272,30.35,0.741,-33578.39,-335.78,-361.49,3481
3.0,7.0,4.0,1166,30.7,0.739,-32592.68,-325.93,-332.07,3087
4.0,12.0,8.0,2058,25.51,0.73,-55354.5,-553.55,-560.38,10588
5.0,12.0,7.0,1934,25.23,0.723,-52658.19,-526.58,-563.87,9280
4.0,7.0,3.0,1020,34.22,0.722,-28290.33,-282.9,-281.61,2150
4.0,11.0,7.0,1833,25.15,0.722,-52786.17,-527.86,-528.56,8387
3.0,12.0,9.0,2120,24.15,0.707,-64567.09,-645.67,-663.96,12270
5.0,11.0,6.0,1709,25.22,0.706,-51247.89,-512.48,-540.31,6871
1.0,8.0,7.0,1577,26.25,0.703,-56351.77,-563.52,-567.97,7438
3.0,11.0,8.0,1913,24.1,0.702,-61465.9,-614.66,-633.06,9743
1.0,10.0,9.0,1938,24.3,0.699,-68398.61,-683.99,-679.02,11341
1.0,7.0,6.0,1427,27.89,0.685,-54471.11,-544.71,-545.24,5740
1.0,12.0,11.0,2315,23.76,0.682,-81866.81,-818.67,-815.35,16103
5.0,7.0,2.0,858,34.5,0.682,-24645.86,-246.46,-252.73,1356
1.0,11.0,10.0,2135,23.93,0.675,-79583.5,-795.83,-789.44,13444
1.0,9.0,8.0,1748,24.83,0.671,-68833.48,-688.33,-683.55,9155
