sl_pct_of_entry,rr,itm,filled_trades,win_rate,profit_factor,total_pnl,total_return_pct,max_drawdown_pct,total_cycles
0.6,4.0,0,1364,29.33,0.928,-7979.93,-79.8,-132.89,4310
0.6,3.0,0,1358,29.46,0.895,-11549.83,-115.5,-162.08,5088
0.6,2.5,0,1357,29.48,0.868,-14610.38,-146.1,-185.78,5735
0.6,1.5,0,1363,33.82,0.863,-15320.48,-153.2,-184.27,8265
0.5,4.0,0,1592,27.58,0.856,-16312.66,-163.13,-207.61,5466
0.6,2.0,0,1353,29.05,0.855,-15989.27,-159.89,-200.2,6665
0.3,4.0,4,1462,30.78,0.847,-30233.25,-302.33,-319.6,4137
0.5,4.0,4,1050,37.52,0.845,-30185.76,-301.86,-320.02,2217
0.6,4.0,4,942,40.45,0.84,-29771.83,-297.72,-308.54,1751
0.5,3.0,4,1050,37.43,0.839,-31432.88,-314.33,-344.85,2596
0.5,1.5,0,1598,32.35,0.839,-18408.76,-184.09,-205.17,10421
0.6,2.5,4,943,40.4,0.836,-30475.78,-304.76,-331.61,2275
0.5,2.5,4,1050,37.52,0.834,-32357.8,-323.58,-350.83,2947
0.6,3.0,4,942,40.45,0.833,-30971.63,-309.72,-320.64,1984
0.4,4.0,4,1209,34.16,0.833,-33784.02,-337.84,-362.93,2934
0.5,3.0,0,1589,27.5,0.826,-19741.41,-197.41,-223.33,6470
0.6,2.0,4,943,40.4,0.826,-32347.89,-323.48,-349.02,2686
0.5,2.5,0,1589,27.31,0.825,-19811.38,-198.11,-230.41,7324
0.6,2.5,3,1000,36.4,0.822,-31091.38,-310.91,-366.19,2925
0.6,3.0,2,1081,33.77,0.821,-28534.81,-285.35,-338.04,3102
0.6,2.5,2,1083,33.89,0.821,-28444.23,-284.44,-346.25,3608
0.6,4.0,2,1083,33.89,0.817,-29115.55,-291.16,-346.35,2636
0.5,4.0,3,1125,33.6,0.814,-33321.58,-333.22,-382.37,2774
0.3,3.0,4,1459,30.5,0.813,-36874.79,-368.75,-373.29,5129
0.6,4.0,1,1186,29.43,0.812,-25427.45,-254.27,-270.18,3500
0.4,4.0,2,1475,29.76,0.811,-31008.19,-310.08,-319.99,4655
0.4,3.0,4,1208,34.27,0.809,-38382.49,-383.82,-406.58,3519
0.5,3.0,3,1126,33.84,0.808,-34276.84,-342.77,-380.3,3356
0.5,2.0,4,1048,37.5,0.806,-37835.71,-378.36,-398.46,3599
0.6,3.0,3,999,36.24,0.805,-34176.03,-341.76,-406.52,2481
0.6,4.0,3,1000,36.3,0.805,-34080.6,-340.81,-399.38,2117
0.4,3.0,2,1471,29.78,0.803,-32388.03,-323.88,-328.17,5582
0.6,3.0,1,1187,29.57,0.803,-26869.74,-268.7,-284.63,4132
0.4,2.5,4,1207,34.22,0.802,-39985.06,-399.85,-422.41,4133
0.6,2.0,3,999,36.34,0.802,-34495.87,-344.96,-392.58,3521
0.6,1.5,4,946,41.54,0.801,-37056.64,-370.57,-390.25,3619
0.5,2.0,0,1594,27.6,0.799,-22889.84,-228.9,-246.76,8429
0.2,4.0,4,1852,25.92,0.798,-37416.85,-374.17,-373.39,6771
0.6,2.5,1,1188,29.55,0.796,-27698.96,-276.99,-290.42,4698
0.5,2.5,3,1124,33.81,0.794,-36920.32,-369.2,-406.11,3820
0.5,4.0,1,1368,29.09,0.792,-29066.16,-290.66,-335.65,4490
0.3,2.5,4,1461,30.66,0.792,-41022.92,-410.23,-415.92,5855
0.6,2.0,2,1081,33.67,0.791,-33290.9,-332.91,-377.63,4261
0.4,2.0,1,1644,27.01,0.791,-28698.57,-286.99,-297.56,9347
0.5,1.5,1,1375,34.04,0.79,-29638.64,-296.39,-325.84,8821
0.4,1.5,1,1653,31.88,0.789,-29032.81,-290.33,-296.87,11343
0.4,4.0,1,1654,26.66,0.787,-29284.32,-292.84,-305.25,5945
0.4,3.0,1,1652,26.82,0.782,-29980.24,-299.8,-306.14,7127
0.6,2.0,1,1185,29.62,0.781,-29764.72,-297.65,-318.64,5534
0.5,4.0,2,1244,30.63,0.78,-36655.34,-366.55,-413.95,3451
0.4,4.0,3,1321,29.9,0.779,-41858.99,-418.59,-429.33,3762
0.6,1.5,1,1195,33.72,0.779,-30384.52,-303.85,-335.38,7024
0.5,3.0,1,1369,29.07,0.775,-31438.25,-314.38,-351.98,5386
0.4,1.5,0,1878,29.55,0.775,-25513.06,-255.13,-256.44,13256
0.4,2.5,1,1641,26.51,0.773,-31155.2,-311.55,-322.11,8108
0.6,1.5,2,1085,36.04,0.773,-36299.66,-363.0,-393.18,5489
0.5,1.5,4,1055,38.67,0.772,-44625.37,-446.25,-461.42,4668
0.4,2.5,2,1471,29.78,0.771,-37657.39,-376.57,-379.2,6373
0.5,2.0,3,1125,33.69,0.771,-40911.16,-409.11,-432.34,4598
0.4,2.0,4,1212,34.24,0.77,-46556.77,-465.57,-488.93,4957
0.3,4.0,3,1601,27.67,0.769,-42262.06,-422.62,-457.08,5294
0.5,2.5,1,1368,29.09,0.769,-32261.72,-322.62,-344.79,6152
0.4,3.0,0,1881,24.46,0.768,-25862.29,-258.62,-257.74,8661
0.6,1.5,3,1002,37.82,0.765,-41209.64,-412.1,-439.99,4589
0.5,3.0,2,1246,30.66,0.763,-39552.88,-395.53,-435.99,4169
0.4,1.5,2,1466,33.7,0.762,-39287.47,-392.87,-399.4,9369
0.4,2.0,2,1469,29.82,0.761,-39097.8,-390.98,-395.95,7407
0.4,4.0,0,1885,24.72,0.761,-26658.94,-266.59,-262.82,7220
0.4,2.5,0,1877,24.45,0.761,-26843.1,-268.43,-270.38,9721
0.4,3.0,3,1318,29.97,0.761,-45311.24,-453.11,-466.09,4483
0.3,4.0,0,2372,21.88,0.758,-25022.71,-250.23,-252.78,9814
0.3,2.0,4,1454,30.33,0.754,-48549.8,-485.5,-493.77,6909
0.5,1.5,3,1130,36.02,0.753,-44121.73,-441.22,-459.96,5757
0.2,4.0,3,2045,24.55,0.752,-41797.47,-417.97,-423.6,8330
0.4,2.0,0,1873,24.51,0.752,-27799.24,-277.99,-279.36,11143
0.2,3.0,4,1843,25.72,0.751,-46117.16,-461.17,-462.66,8221
0.5,2.0,1,1364,29.11,0.749,-35242.46,-352.42,-376.35,7046
0.5,2.5,2,1246,30.66,0.748,-42127.33,-421.27,-438.08,4778
0.4,2.5,3,1318,30.12,0.746,-48146.08,-481.46,-480.2,5236
0.4,1.5,4,1211,36.66,0.745,-51654.73,-516.55,-515.17,6289
0.3,3.0,3,1603,27.7,0.743,-47184.38,-471.84,-493.07,6418
0.2,3.0,3,2036,24.56,0.737,-44250.31,-442.5,-448.74,9965
0.3,4.0,2,1786,25.08,0.732,-43927.8,-439.28,-449.42,6663
0.3,3.0,0,2358,21.97,0.731,-28099.85,-281.0,-284.07,11678
0.3,2.0,0,2329,21.94,0.728,-28324.73,-283.25,-286.36,14474
0.2,2.5,3,2034,24.63,0.728,-45809.67,-458.1,-459.56,11159
0.2,4.0,2,2280,22.68,0.724,-39925.56,-399.26,-400.63,10038
0.3,2.5,3,1602,27.53,0.724,-50444.56,-504.45,-522.52,7254
0.5,1.5,2,1249,34.03,0.722,-46758.75,-467.59,-495.55,7265
0.3,1.5,0,2307,26.96,0.718,-29872.76,-298.73,-301.24,16567
0.3,3.0,2,1780,25.11,0.715,-46699.18,-466.99,-474.74,7966
0.3,2.5,0,2347,21.69,0.715,-29822.14,-298.22,-301.59,12990
0.2,2.5,4,1843,25.77,0.711,-53913.01,-539.13,-539.88,9462
0.5,2.0,2,1246,30.58,0.711,-48502.52,-485.03,-503.42,5656
0.3,2.5,2,1783,24.68,0.709,-47751.76,-477.52,-479.56,9060
0.4,2.0,3,1317,29.92,0.706,-55888.3,-558.88,-557.68,6067
0.3,1.5,4,1460,33.01,0.704,-58941.07,-589.41,-590.98,8713
0.2,2.0,3,2034,25.12,0.699,-50716.49,-507.16,-506.87,12669
0.2,3.0,2,2262,22.63,0.699,-43744.97,-437.45,-442.74,11908
0.3,2.0,1,1981,22.46,0.698,-39978.44,-399.78,-401.27,12564
0.4,1.5,3,1335,33.56,0.698,-58009.95,-580.1,-591.92,7726
0.2,2.5,2,2264,22.79,0.695,-44351.69,-443.52,-449.68,13271
0.2,2.0,4,1840,26.09,0.692,-57270.41,-572.7,-572.42,10810
0.3,4.0,1,2003,22.07,0.69,-41072.48,-410.72,-414.62,8291
0.3,1.5,1,1981,27.26,0.684,-42336.93,-423.37,-427.41,14807
0.3,2.0,3,1599,27.33,0.682,-58470.27,-584.7,-598.94,8519
0.3,3.0,1,1997,22.13,0.679,-42814.43,-428.14,-432.26,9953
0.3,1.5,3,1604,31.3,0.679,-59177.64,-591.78,-603.4,10465
0.3,2.5,1,1986,22.0,0.677,-42981.67,-429.82,-429.0,11092
0.2,4.0,0,3098,19.82,0.675,-28412.67,-284.13,-279.69,14093
0.3,2.0,2,1767,24.5,0.671,-54153.04,-541.53,-545.31,10480
0.3,1.5,2,1789,29.23,0.66,-56421.8,-564.22,-568.14,12637
0.2,1.5,3,2030,28.77,0.648,-59473.37,-594.73,-593.63,14688
0.2,3.0,0,3050,18.75,0.647,-31122.12,-311.22,-306.11,16299
0.2,1.5,4,1844,29.93,0.647,-66276.12,-662.76,-659.28,12824
0.2,2.5,0,3026,18.94,0.647,-30999.43,-309.99,-307.69,17684
0.2,2.0,2,2248,22.78,0.647,-51789.76,-517.9,-526.87,14821
0.2,3.0,1,2617,19.03,0.646,-40812.97,-408.13,-415.28,14296
0.2,4.0,1,2642,18.81,0.644,-41313.85,-413.14,-417.4,12244
0.2,2.5,1,2601,19.07,0.627,-43497.93,-434.98,-440.03,15690
0.2,1.5,0,2896,22.62,0.624,-33343.09,-333.43,-338.3,20836
0.2,2.0,0,2963,18.76,0.611,-34371.25,-343.71,-348.81,19117
0.2,1.5,2,2246,26.71,0.611,-57230.03,-572.3,-573.04,16883
0.2,2.0,1,2574,19.15,0.591,-47351.99,-473.52,-480.25,17261
0.2,1.5,1,2528,22.75,0.564,-51001.67,-510.02,-514.34,19001
