bb_period,bb_std_dev,take_profit_pct,stop_loss_pct,min_rr,use_adx_filter,adx_threshold,use_ema_filter,ema_period,tp_mode,max_bars_in_trade,trail_activation_pct,trail_stop_pct,total_trades,win_rate,profit_factor,total_return_pct,max_drawdown_pct,calmar_ratio,max_consec_losses,avg_bars_held
10,3.0,30,5,2.0,False,20,False,50,fixed,0,10,10,11,54.5,3.776,81.35,14.26,5.704,3,29.9
10,3.0,30,5,2.0,False,20,False,50,fixed,240,10,10,11,54.5,3.776,81.35,14.26,5.704,3,29.9
10,3.0,30,5,2.0,False,20,False,50,fixed,0,10,15,11,45.5,3.453,75.06,16.64,4.512,4,34.5
10,3.0,30,5,2.0,False,20,False,50,fixed,240,10,15,11,45.5,3.453,75.06,16.64,4.512,4,34.5
10,3.0,30,5,2.0,False,20,False,50,fixed,240,0,15,11,45.5,3.453,75.06,16.64,4.512,4,34.5
10,3.0,30,5,2.0,False,20,False,50,fixed,0,0,15,11,45.5,3.453,75.06,16.64,4.512,4,34.5
10,3.0,30,5,2.0,False,20,False,50,fixed,0,0,0,11,36.4,3.429,99.45,18.55,5.361,4,45.7
10,3.0,30,5,2.0,False,20,False,50,fixed,240,0,10,11,45.5,3.241,61.62,14.26,4.321,3,21.5
10,3.0,30,5,2.0,False,20,False,50,fixed,0,0,10,11,45.5,3.241,61.62,14.26,4.321,3,21.5
10,3.0,30,5,2.0,False,20,False,50,fixed,240,0,0,11,36.4,3.045,78.86,18.55,4.251,4,43.9
10,3.0,30,5,2.0,False,20,False,50,fixed,0,20,15,11,36.4,2.728,61.82,18.55,3.333,4,34.6
10,3.0,30,5,2.0,False,20,False,50,fixed,240,20,15,11,36.4,2.728,61.82,18.55,3.333,4,34.6
10,3.0,30,5,2.0,False,20,False,50,fixed,60,10,15,11,45.5,2.715,47.21,16.64,2.837,4,24.5
10,3.0,30,5,2.0,False,20,False,50,fixed,60,0,15,11,45.5,2.715,47.21,16.64,2.837,4,24.5
10,3.0,30,5,2.0,False,20,False,50,fixed,60,10,10,11,54.5,2.708,44.03,14.26,3.087,3,21.6
10,3.0,30,5,2.0,False,20,False,50,fixed,60,0,10,11,45.5,2.554,39.83,14.26,2.793,3,18.5
10,3.0,30,5,2.0,False,20,False,50,fixed,240,20,10,11,36.4,2.432,49.53,18.55,2.67,4,30.9
10,3.0,30,5,2.0,False,20,False,50,fixed,0,20,10,11,36.4,2.432,49.53,18.55,2.67,4,30.9
10,3.0,30,5,2.0,False,20,False,50,fixed,60,0,0,11,36.4,2.142,36.07,18.55,1.944,4,24.6
10,3.0,30,5,2.0,False,20,False,50,fixed,60,20,15,11,36.4,2.142,36.07,18.55,1.944,4,24.6
10,3.0,30,5,2.0,False,20,False,50,upper_band,0,10,15,13,46.2,1.968,34.0,18.55,1.833,4,14.8
10,3.0,30,5,2.0,False,20,False,50,upper_band,0,0,0,13,46.2,1.968,34.0,18.55,1.833,4,14.8
10,3.0,30,5,2.0,False,20,False,50,upper_band,0,0,15,13,46.2,1.968,34.0,18.55,1.833,4,14.8
10,3.0,30,5,2.0,False,20,False,50,upper_band,0,20,10,13,46.2,1.968,34.0,18.55,1.833,4,14.8
10,3.0,30,5,2.0,False,20,False,50,upper_band,0,20,15,13,46.2,1.968,34.0,18.55,1.833,4,14.8
10,3.0,30,5,2.0,False,20,False,50,upper_band,0,10,10,13,46.2,1.968,34.0,18.55,1.833,4,14.8
10,3.0,30,5,2.0,False,20,False,50,upper_band,240,0,0,13,46.2,1.968,34.0,18.55,1.833,4,14.8
10,3.0,30,5,2.0,False,20,False,50,upper_band,240,10,15,13,46.2,1.968,34.0,18.55,1.833,4,14.8
10,3.0,30,5,2.0,False,20,False,50,upper_band,240,10,10,13,46.2,1.968,34.0,18.55,1.833,4,14.8
10,3.0,30,5,2.0,False,20,False,50,upper_band,240,20,10,13,46.2,1.968,34.0,18.55,1.833,4,14.8
10,3.0,30,5,2.0,False,20,False,50,upper_band,240,20,15,13,46.2,1.968,34.0,18.55,1.833,4,14.8
10,3.0,30,5,2.0,False,20,False,50,upper_band,240,0,15,13,46.2,1.968,34.0,18.55,1.833,4,14.8
10,3.0,30,5,2.0,False,20,False,50,upper_band,60,0,0,13,46.2,1.693,22.52,18.55,1.214,4,14.4
10,3.0,30,5,2.0,False,20,False,50,upper_band,60,20,10,13,46.2,1.693,22.52,18.55,1.214,4,14.4
10,3.0,30,5,2.0,False,20,False,50,upper_band,60,20,15,13,46.2,1.693,22.52,18.55,1.214,4,14.4
10,3.0,30,5,2.0,False,20,False,50,upper_band,60,10,15,13,46.2,1.693,22.52,18.55,1.214,4,14.4
10,3.0,30,5,2.0,False,20,False,50,upper_band,60,0,15,13,46.2,1.693,22.52,18.55,1.214,4,14.4
10,3.0,30,5,2.0,False,20,False,50,upper_band,60,10,10,13,46.2,1.693,22.52,18.55,1.214,4,14.4
10,3.0,30,5,2.0,False,20,False,50,fixed,60,20,10,11,36.4,1.67,18.76,18.55,1.011,4,22.6
10,3.0,30,5,2.0,False,20,False,50,upper_band,0,0,10,13,38.5,1.597,18.94,18.55,1.021,4,11.8
10,3.0,30,5,2.0,False,20,False,50,upper_band,60,0,10,13,38.5,1.597,18.94,18.55,1.021,4,11.8
10,3.0,30,5,2.0,False,20,False,50,upper_band,240,0,10,13,38.5,1.597,18.94,18.55,1.021,4,11.8
